{
    "type": "minecraft:crafting_shaped",
    "pattern": [
        "#D#",
        "N/N",
        "YEO"
    ],
    "key": {
        "#": {
            "item": "minecraft:emerald_block"
        },
        "D": {
            "item": "minecraft:diamond_block"
        },
        "N": {
            "item": "minecraft:nether_star"
        },
        "/": {
            "item": "minecraft:blaze_rod"
        },
        "Y": {
            "item": "minecraft:yellow_concrete"
        },
        "E": {
            "item": "minecraft:egg"
        },
        "O": {
            "item": "minecraft:orange_concrete"
        }
    },
    "result": {
        "item": "minecraft:blaze_spawn_egg",
        "count": 1
    }
}