{
    "type": "minecraft:crafting_shaped",
    "pattern": [
        "#D#",
        "NCN",
        "BEY"
    ],
    "key": {
        "#": {
            "item": "minecraft:emerald_block"
        },
        "D": {
            "item": "minecraft:diamond_block"
        },
        "N": {
            "item": "minecraft:nether_star"
        },
        "C": {
            "item": "minecraft:cod"
        },
        "B": {
            "item": "minecraft:brown_concrete"
        },
        "E": {
            "item": "minecraft:egg"
        },
        "Y": {
            "item": "minecraft:yellow_concrete"
        }
    },
    "result": {
        "item": "minecraft:cod_spawn_egg",
        "count": 1
    }
}