{
    "type": "minecraft:crafting_shaped",
    "pattern": [
        "#D#",
        "NGN",
        "BEL"
    ],
    "key": {
        "#": {
            "item": "minecraft:emerald_block"
        },
        "D": {
            "item": "minecraft:diamond_block"
        },
        "N": {
            "item": "minecraft:nether_star"
        },
        "G": {
            "item": "minecraft:gunpowder"
        },
        "B": {
            "item": "minecraft:black_concrete"
        },
        "E": {
            "item": "minecraft:egg"
        },
        "L": {
            "item": "minecraft:lime_concrete"
        }
    },
    "result": {
        "item": "minecraft:creeper_spawn_egg",
        "count": 1
    }
}