{
    "type": "minecraft:crafting_shaped",
    "pattern": [
        "#D#",
        "NEN",
        "BLP"
    ],
    "key": {
        "#": {
            "item": "minecraft:emerald_block"
        },
        "D": {
            "item": "minecraft:diamond_block"
        },
        "N": {
            "item": "minecraft:nether_star"
        },
        "E": {
            "item": "minecraft:ender_pearl"
        },
        "B": {
            "item": "minecraft:black_concrete"
        },
        "L": {
            "item": "minecraft:egg"
        },
        "P": {
            "item": "minecraft:purple_concrete"
        }
    },
    "result": {
        "item": "minecraft:enderman_spawn_egg",
        "count": 1
    }
}