{
    "type": "minecraft:crafting_shaped",
    "pattern": [
        "#D#",
        "NPN",
        "CEO"
    ],
    "key": {
        "#": {
            "item": "minecraft:emerald_block"
        },
        "D": {
            "item": "minecraft:diamond_block"
        },
        "N": {
            "item": "minecraft:nether_star"
        },
        "P": {
            "item": "minecraft:prismarine"
        },
        "C": {
            "item": "minecraft:cyan_concrete"
        },
        "E": {
            "item": "minecraft:egg"
        },
        "O": {
            "item": "minecraft:orange_concrete"
        }
    },
    "result": {}
}