{
    "type": "minecraft:crafting_shaped",
    "pattern": [
        "#D#",
        "NPN",
        "YEL"
    ],
    "key": {
        "#": {
            "item": "minecraft:emerald_block"
        },
        "D": {
            "item": "minecraft:diamond_block"
        },
        "N": {
            "item": "minecraft:nether_star"
        },
        "P": {
            "item": "minecraft:pufferfish"
        },
        "Y": {
            "item": "minecraft:yellow_concrete"
        },
        "E": {
            "item": "minecraft:egg"
        },
        "L": {
            "item": "minecraft:light_blue_concrete"
        }
    },
    "result": {
        "item": "minecraft:pufferfish_spawn_egg",
        "count": 1
    }
}