{
    "type": "minecraft:crafting_shaped",
    "pattern": [
        "#D#",
        "NSN",
        "REC"
    ],
    "key": {
        "#": {
            "item": "minecraft:emerald_block"
        },
        "D": {
            "item": "minecraft:diamond_block"
        },
        "N": {
            "item": "minecraft:nether_star"
        },
        "S": {
            "item": "minecraft:salmon"
        },
        "R": {
            "item": "minecraft:red_concrete"
        },
        "E": {
            "item": "minecraft:egg"
        },
        "C": {
            "item": "minecraft:cyan_concrete"
        }
    },
    "result": {
        "item": "minecraft:salmon_spawn_egg",
        "count": 1
    }
}