{
    "type": "minecraft:crafting_shaped",
    "pattern": [
        "#D#",
        "NSN",
        "PEP"
    ],
    "key": {
        "#": {
            "item": "minecraft:emerald_block"
        },
        "D": {
            "item": "minecraft:diamond_block"
        },
        "N": {
            "item": "minecraft:nether_star"
        },
        "S": {
            "item": "minecraft:shulker_shell"
        },
        "P": {
            "item": "minecraft:purple_concrete"
        },
        "E": {
            "item": "minecraft:egg"
        }
    },
    "result": {
        "item": "minecraft:shulker_spawn_egg",
        "count": 1
    }
}