{
    "type": "minecraft:crafting_shaped",
    "pattern": [
        "#D#",
        "NBN",
        "WEG"
    ],
    "key": {
        "#": {
            "item": "minecraft:emerald_block"
        },
        "D": {
            "item": "minecraft:diamond_block"
        },
        "N": {
            "item": "minecraft:nether_star"
        },
        "B": {
            "item": "minecraft:bone"
        },
        "W": {
            "item": "minecraft:white_concrete"
        },
        "E": {
            "item": "minecraft:egg"
        },
        "G": {
            "item": "minecraft:gray_concrete"
        }
    },
    "result": {
        "item": "minecraft:skeleton_spawn_egg",
        "count": 1
    }
}