{
    "type": "minecraft:crafting_shaped",
    "pattern": [
        "#W#",
        "NDN",
        "#E#"
    ],
    "key": {
        "#": {
            "item": "minecraft:obsidian"
        },
        "W": {
            "item": "minecraft:wither_rose"
        },
        "N": {
            "item": "minecraft:nether_star"
        },
        "D": {
            "item": "minecraft:dragon_egg"
        },
        "E": {
            "item": "minecraft:emerald_block"
        }
    },
    "result": {
        "item": "minecraft:spawner",
        "count": 1
    }
}