{
    "type": "minecraft:crafting_shaped",
    "pattern": [
        "#D#",
        "NSN",
        "BER"
    ],
    "key": {
        "#": {
            "item": "minecraft:emerald_block"
        },
        "D": {
            "item": "minecraft:diamond_block"
        },
        "N": {
            "item": "minecraft:nether_star"
        },
        "S": {
            "item": "minecraft:spider_eye"
        },
        "B": {
            "item": "minecraft:black_concrete"
        },
        "E": {
            "item": "minecraft:egg"
        },
        "R": {
            "item": "minecraft:red_concrete"
        }
    },
    "result": {
        "item": "minecraft:spider_spawn_egg",
        "count": 1
    }
}