{
    "type": "minecraft:crafting_shaped",
    "pattern": [
        "###",
        "PDP",
        " Y "
    ],
    "key": {
        "#": {
            "item": "minecraft:prismarine_shard"
        },
        "P": {
            "item": "minecraft:prismarine_brick_stairs"
        },
        "D": {
            "item": "minecraft:diamond_block"
        },
        "Y": {
            "item": "minecraft:prismarine_bricks"
        }
    },
    "result": {
        "item": "minecraft:trident",
        "count": 1
    }
}