{
    "type": "minecraft:crafting_shaped",
    "pattern": [
        "#D#",
        "NTN",
        "OEW"
    ],
    "key": {
        "#": {
            "item": "minecraft:emerald_block"
        },
        "D": {
            "item": "minecraft:diamond_block"
        },
        "N": {
            "item": "minecraft:nether_star"
        },
        "T": {
            "item": "minecraft:tropical_fish"
        },
        "O": {
            "item": "minecraft:orange_concrete"
        },
        "E": {
            "item": "minecraft:egg"
        },
        "W": {
            "item": "minecraft:white_concrete"
        }
    },
    "result": {
        "item": "minecraft:tropical_fish_spawn_egg",
        "count": 1
    }
}