{
    "type": "minecraft:crafting_shaped",
    "pattern": [
        "#D#",
        "NGN",
        "REM"
    ],
    "key": {
        "#": {
            "item": "minecraft:emerald_block"
        },
        "D": {
            "item": "minecraft:diamond_block"
        },
        "N": {
            "item": "minecraft:nether_star"
        },
        "G": {
            "item": "minecraft:glass_bottle"
        },
        "R": {
            "item": "minecraft:red_concrete"
        },
        "E": {
            "item": "minecraft:egg"
        },
        "M": {
            "item": "minecraft:green_concrete"
        }
    },
    "result": {
        "item": "minecraft:witch_spawn_egg",
        "count": 1
    }
}