{
    "type": "minecraft:crafting_shaped",
    "pattern": [
        "#D#",
        "NRN",
        "CEL"
    ],
    "key": {
        "#": {
            "item": "minecraft:emerald_block"
        },
        "D": {
            "item": "minecraft:diamond_block"
        },
        "N": {
            "item": "minecraft:nether_star"
        },
        "R": {
            "item": "minecraft:rotten_flesh"
        },
        "C": {
            "item": "minecraft:cyan_concrete"
        },
        "E": {
            "item": "minecraft:egg"
        },
        "L": {
            "item": "minecraft:lime_concrete"
        }
    },
    "result": {
        "item": "minecraft:zombie_spawn_egg",
        "count": 1
    }
}