{
    "type": "minecraft:crafting_shaped",
    "pattern": [
        "#D#",
        "NGN",
        "PEL"
    ],
    "key": {
        "#": {
            "item": "minecraft:emerald_block"
        },
        "D": {
            "item": "minecraft:diamond_block"
        },
        "N": {
            "item": "minecraft:nether_star"
        },
        "G": {
            "item": "minecraft:golden_sword"
        },
        "P": {
            "item": "minecraft:pink_concrete"
        },
        "E": {
            "item": "minecraft:egg"
        },
        "L": {
            "item": "minecraft:lime_concrete"
        }
    },
    "result": {
        "item": "minecraft:zombie_pigman_spawn_egg",
        "count": 1
    }
}